date, 9 , 10 , 11 , 12 , 13 , 14 , 15 , 16 , 17 , 18 , 19 , 20 , 21 , 22 , 23 
1/01/2015, 60 , 60 , 60 , 60 , 60 , 60 , 60 , 60 , 60 , 60 , 60 , 60 , 60 , 60 , 60 
2/01/2015, 60 , 60 , 60 , 60 , 60 , 60 , 60 , 60 , 60 , 60 , 60 , 60 , 60 , 60 , 60 
3/01/2015, 60 , 60 , 60 , 60 , 60 , 60 , 60 , 60 , 60 , 60 , 60 , 60 , 60 , 60 , 60 
4/01/2015, 60 , 60 , 60 , 60 , 60 , 60 , 60 , 60 , 60 , 60 , 60 , 60 , 60 , 60 , 60 
5/01/2015, 60 , 60 , 60 , 60 , 60 , 60 , 60 , 60 , 60 , 60 , 60 , 60 , 60 , 60 , 60 
6/01/2015, 60 , 60 , 60 , 60 , 60 , 60 , 60 , 60 , 60 , 60 , 60 , 60 , 60 , 60 , 60 
7/01/2015, 60 , 60 , 60 , 60 , 60 , 60 , 60 , 60 , 60 , 60 , 60 , 60 , 60 , 60 , 60 
8/01/2015, 60 , 60 , 60 , 60 , 60 , 60 , 60 , 60 , 60 , 60 , 60 , 60 , 60 , 60 , 60 
9/01/2015, 60 , 60 , 60 , 60 , 60 , 60 , 60 , 60 , 60 , 60 , 60 , 60 , 60 , 60 , 60 
10/01/2015, 60 , 60 , 60 , 60 , 60 , 60 , 60 , 60 , 60 , 60 , 60 , 60 , 60 , 60 , 60 
11/01/2015, 60 , 60 , 60 , 60 , 60 , 60 , 60 , 60 , 60 , 60 , 60 , 60 , 60 , 60 , 60 
12/01/2015, 60 , 60 , 60 , 60 , 60 , 60 , 60 , 60 , 60 , 60 , 60 , 60 , 60 , 60 , 60 
13/01/2015, 60 , 60 , 60 , 60 , 60 , 60 , 60 , 60 , 60 , 60 , 60 , 60 , 60 , 60 , 60 
14/01/2015, 60 , 60 , 60 , 60 , 60 , 60 , 60 , 60 , 60 , 60 , 60 , 60 , 60 , 60 , 60 
15/01/2015, 60 , 60 , 60 , 60 , 60 , 60 , 60 , 60 , 60 , 60 , 60 , 60 , 60 , 60 , 60 
16/01/2015, 60 , 60 , 60 , 60 , 60 , 60 , 60 , 60 , 60 , 60 , 60 , 60 , 60 , 60 , 60 
17/01/2015, 60 , 60 , 60 , 60 , 60 , 60 , 60 , 60 , 60 , 60 , 60 , 60 , 60 , 60 , 60 
18/01/2015, 60 , 60 , 60 , 60 , 60 , 60 , 60 , 60 , 60 , 60 , 60 , 60 , 60 , 60 , 60 
19/01/2015, 60 , 60 , 60 , 60 , 60 , 60 , 60 , 60 , 60 , 60 , 60 , 60 , 60 , 60 , 60 
20/01/2015, 60 , 60 , 60 , 60 , 60 , 60 , 60 , 60 , 60 , 60 , 60 , 60 , 60 , 60 , 60 
21/01/2015, 60 , 60 , 60 , 60 , 60 , 60 , 60 , 60 , 60 , 60 , 60 , 60 , 60 , 60 , 60 
22/01/2015, 60 , 60 , 60 , 60 , 60 , 60 , 60 , 60 , 60 , 60 , 60 , 60 , 60 , 60 , 60 
23/01/2015, 60 , 60 , 60 , 60 , 60 , 60 , 60 , 60 , 60 , 60 , 60 , 60 , 60 , 60 , 60 
24/01/2015, 60 , 60 , 60 , 60 , 60 , 60 , 60 , 60 , 60 , 60 , 60 , 60 , 60 , 60 , 60 
25/01/2015, 60 , 60 , 60 , 60 , 60 , 60 , 60 , 60 , 60 , 60 , 60 , 60 , 60 , 60 , 60 
26/01/2015, 60 , 60 , 60 , 60 , 60 , 60 , 60 , 60 , 60 , 60 , 60 , 60 , 60 , 60 , 60 
27/01/2015, 60 , 60 , 60 , 60 , 60 , 60 , 60 , 60 , 60 , 60 , 60 , 60 , 60 , 60 , 60 
28/01/2015, 60 , 60 , 60 , 60 , 60 , 60 , 60 , 60 , 60 , 60 , 60 , 60 , 60 , 60 , 60 
29/01/2015, 60 , 60 , 60 , 60 , 60 , 60 , 60 , 60 , 60 , 60 , 60 , 60 , 60 , 60 , 60 
30/01/2015, 60 , 60 , 60 , 60 , 60 , 60 , 60 , 60 , 60 , 60 , 60 , 60 , 60 , 60 , 60 
31/01/2015, 60 , 60 , 60 , 60 , 60 , 60 , 60 , 60 , 60 , 60 , 60 , 60 , 60 , 60 , 60 
1/02/2015, 60 , 60 , 60 , 60 , 60 , 60 , 60 , 60 , 60 , 60 , 60 , 60 , 60 , 60 , 60 
2/02/2015, 60 , 60 , 60 , 60 , 60 , 60 , 60 , 60 , 60 , 60 , 60 , 60 , 60 , 60 , 60 
3/02/2015, 60 , 60 , 60 , 60 , 60 , 60 , 60 , 60 , 60 , 60 , 60 , 60 , 60 , 60 , 60 
4/02/2015, 60 , 60 , 60 , 60 , 60 , 60 , 60 , 60 , 60 , 60 , 60 , 60 , 60 , 60 , 60 
5/02/2015, 60 , 60 , 60 , 60 , 60 , 60 , 60 , 60 , 60 , 60 , 60 , 60 , 60 , 60 , 60 
6/02/2015, 60 , 60 , 60 , 60 , 60 , 60 , 60 , 60 , 60 , 60 , 60 , 60 , 60 , 60 , 60 
7/02/2015, 60 , 60 , 60 , 60 , 60 , 60 , 60 , 60 , 60 , 60 , 60 , 60 , 60 , 60 , 60 
8/02/2015, 60 , 60 , 60 , 60 , 60 , 60 , 60 , 60 , 60 , 60 , 60 , 60 , 60 , 60 , 60 
9/02/2015, 60 , 60 , 60 , 60 , 60 , 60 , 60 , 60 , 60 , 60 , 60 , 60 , 60 , 60 , 60 
10/02/2015, 60 , 60 , 60 , 60 , 60 , 60 , 60 , 60 , 60 , 60 , 60 , 60 , 60 , 60 , 60 
11/02/2015, 60 , 60 , 60 , 60 , 60 , 60 , 60 , 60 , 60 , 60 , 60 , 60 , 60 , 60 , 60 
12/02/2015, 60 , 60 , 60 , 60 , 60 , 60 , 60 , 60 , 60 , 60 , 60 , 60 , 60 , 60 , 60 
13/02/2015, 60 , 60 , 60 , 60 , 60 , 60 , 60 , 60 , 60 , 60 , 60 , 60 , 60 , 60 , 60 
14/02/2015, 60 , 60 , 60 , 60 , 60 , 60 , 60 , 60 , 60 , 60 , 60 , 60 , 60 , 60 , 60 
15/02/2015, 60 , 60 , 60 , 60 , 60 , 60 , 60 , 60 , 60 , 60 , 60 , 60 , 60 , 60 , 60 
16/02/2015, 60 , 60 , 60 , 60 , 60 , 60 , 60 , 60 , 60 , 60 , 60 , 60 , 60 , 60 , 60 
17/02/2015, 60 , 60 , 60 , 60 , 60 , 60 , 60 , 60 , 60 , 60 , 60 , 60 , 60 , 60 , 60 
18/02/2015, 60 , 60 , 60 , 60 , 60 , 60 , 60 , 60 , 60 , 60 , 60 , 60 , 60 , 60 , 60 
19/02/2015, 60 , 60 , 60 , 60 , 60 , 60 , 60 , 60 , 60 , 60 , 60 , 60 , 60 , 60 , 60 
20/02/2015, 60 , 60 , 60 , 60 , 60 , 60 , 60 , 60 , 60 , 60 , 60 , 60 , 60 , 60 , 60 
21/02/2015, 60 , 60 , 60 , 60 , 60 , 60 , 60 , 60 , 60 , 60 , 60 , 60 , 60 , 60 , 60 
22/02/2015, 60 , 60 , 60 , 60 , 60 , 60 , 60 , 60 , 60 , 60 , 60 , 60 , 60 , 60 , 60 
23/02/2015, 60 , 60 , 60 , 60 , 60 , 60 , 60 , 60 , 60 , 60 , 60 , 60 , 60 , 60 , 60 
24/02/2015, 60 , 60 , 60 , 60 , 60 , 60 , 60 , 60 , 60 , 60 , 60 , 60 , 60 , 60 , 60 
25/02/2015, 60 , 60 , 60 , 60 , 60 , 60 , 60 , 60 , 60 , 60 , 60 , 60 , 60 , 60 , 60 
26/02/2015, 60 , 60 , 60 , 60 , 60 , 60 , 60 , 60 , 60 , 60 , 60 , 60 , 60 , 60 , 60 
27/02/2015, 60 , 60 , 60 , 60 , 60 , 60 , 60 , 60 , 60 , 60 , 60 , 60 , 60 , 60 , 60 
28/02/2015, 60 , 60 , 60 , 60 , 60 , 60 , 60 , 60 , 60 , 60 , 60 , 60 , 60 , 60 , 60 
1/03/2015, 60 , 60 , 60 , 60 , 60 , 60 , 60 , 60 , 60 , 60 , 60 , 60 , 60 , 60 , 60 
2/03/2015, 60 , 60 , 60 , 60 , 60 , 60 , 60 , 60 , 60 , 60 , 60 , 60 , 60 , 60 , 60 
3/03/2015, 60 , 60 , 60 , 60 , 60 , 60 , 60 , 60 , 60 , 60 , 60 , 60 , 60 , 60 , 60 
4/03/2015, 60 , 60 , 60 , 60 , 60 , 60 , 60 , 60 , 60 , 60 , 60 , 60 , 60 , 60 , 60 
5/03/2015, 60 , 60 , 60 , 60 , 60 , 60 , 60 , 60 , 60 , 60 , 60 , 60 , 60 , 60 , 60 
6/03/2015, 60 , 60 , 60 , 60 , 60 , 60 , 60 , 60 , 60 , 60 , 60 , 60 , 60 , 60 , 60 
7/03/2015, 60 , 60 , 60 , 60 , 60 , 60 , 60 , 60 , 60 , 60 , 60 , 60 , 60 , 60 , 60 
8/03/2015, 60 , 60 , 60 , 60 , 60 , 60 , 60 , 60 , 60 , 60 , 60 , 60 , 60 , 60 , 60 
9/03/2015, 60 , 60 , 60 , 60 , 60 , 60 , 60 , 60 , 60 , 60 , 60 , 60 , 60 , 60 , 60 
10/03/2015, 60 , 60 , 60 , 60 , 60 , 60 , 60 , 60 , 60 , 60 , 60 , 60 , 60 , 60 , 60 
11/03/2015, 60 , 60 , 60 , 60 , 60 , 60 , 60 , 60 , 60 , 60 , 60 , 60 , 60 , 60 , 60 
12/03/2015, 60 , 60 , 60 , 60 , 60 , 60 , 60 , 60 , 60 , 60 , 60 , 60 , 60 , 60 , 60 
13/03/2015, 60 , 60 , 60 , 60 , 60 , 60 , 60 , 60 , 60 , 60 , 60 , 60 , 60 , 60 , 60 
14/03/2015, 60 , 60 , 60 , 60 , 60 , 60 , 60 , 60 , 60 , 60 , 60 , 60 , 60 , 60 , 60 
15/03/2015, 60 , 60 , 60 , 60 , 60 , 60 , 60 , 60 , 60 , 60 , 60 , 60 , 60 , 60 , 60 
16/03/2015, 60 , 60 , 60 , 60 , 60 , 60 , 60 , 60 , 60 , 60 , 60 , 60 , 60 , 60 , 60 
17/03/2015, 60 , 60 , 60 , 60 , 60 , 60 , 60 , 60 , 60 , 60 , 60 , 60 , 60 , 60 , 60 
18/03/2015, 60 , 60 , 60 , 60 , 60 , 60 , 60 , 60 , 60 , 60 , 60 , 60 , 60 , 60 , 60 
19/03/2015, 60 , 60 , 60 , 60 , 60 , 60 , 60 , 60 , 60 , 60 , 60 , 60 , 60 , 60 , 60 
20/03/2015, 60 , 60 , 60 , 60 , 60 , 60 , 60 , 60 , 60 , 60 , 60 , 60 , 60 , 60 , 60 
21/03/2015, 60 , 60 , 60 , 60 , 60 , 60 , 60 , 60 , 60 , 60 , 60 , 60 , 60 , 60 , 60 
22/03/2015, 60 , 60 , 60 , 60 , 60 , 60 , 60 , 60 , 60 , 60 , 60 , 60 , 60 , 60 , 60 
23/03/2015, 60 , 60 , 60 , 60 , 60 , 60 , 60 , 60 , 60 , 60 , 60 , 60 , 60 , 60 , 60 
24/03/2015, 60 , 60 , 60 , 60 , 60 , 60 , 60 , 60 , 60 , 60 , 60 , 60 , 60 , 60 , 60 
25/03/2015, 60 , 60 , 60 , 60 , 60 , 60 , 60 , 60 , 60 , 60 , 60 , 60 , 60 , 60 , 60 
26/03/2015, 60 , 60 , 60 , 60 , 60 , 60 , 60 , 60 , 60 , 60 , 60 , 60 , 60 , 60 , 60 
27/03/2015, 60 , 60 , 60 , 60 , 60 , 60 , 60 , 60 , 60 , 60 , 60 , 60 , 60 , 60 , 60 
28/03/2015, 60 , 60 , 60 , 60 , 60 , 60 , 60 , 60 , 60 , 60 , 60 , 60 , 60 , 60 , 60 
29/03/2015, 60 , 60 , 60 , 60 , 60 , 60 , 60 , 60 , 60 , 60 , 60 , 60 , 60 , 60 , 60 
30/03/2015, 60 , 60 , 60 , 60 , 60 , 60 , 60 , 60 , 60 , 60 , 60 , 60 , 60 , 60 , 60 
31/03/2015, 60 , 60 , 60 , 60 , 60 , 60 , 60 , 60 , 60 , 60 , 60 , 60 , 60 , 60 , 60 
1/04/2015, 60 , 60 , 60 , 60 , 60 , 60 , 60 , 60 , 60 , 60 , 60 , 60 , 60 , 60 , 60 
2/04/2015, 60 , 60 , 60 , 60 , 60 , 60 , 60 , 60 , 60 , 60 , 60 , 60 , 60 , 60 , 60 
3/04/2015, 60 , 60 , 60 , 60 , 60 , 60 , 60 , 60 , 60 , 60 , 60 , 60 , 60 , 60 , 60 
4/04/2015, 60 , 60 , 60 , 60 , 60 , 60 , 60 , 60 , 60 , 60 , 60 , 60 , 60 , 60 , 60 
5/04/2015, 60 , 60 , 60 , 60 , 60 , 60 , 60 , 60 , 60 , 60 , 60 , 60 , 60 , 60 , 60 
6/04/2015, 60 , 60 , 60 , 60 , 60 , 60 , 60 , 60 , 60 , 60 , 60 , 60 , 60 , 60 , 60 
7/04/2015, 60 , 60 , 60 , 60 , 60 , 60 , 60 , 60 , 60 , 60 , 60 , 60 , 60 , 60 , 60 
8/04/2015, 60 , 60 , 60 , 60 , 60 , 60 , 60 , 60 , 60 , 60 , 60 , 60 , 60 , 60 , 60 
9/04/2015, 60 , 60 , 60 , 60 , 60 , 60 , 60 , 60 , 60 , 60 , 60 , 60 , 60 , 60 , 60 
10/04/2015, 60 , 60 , 60 , 60 , 60 , 60 , 60 , 60 , 60 , 60 , 60 , 60 , 60 , 60 , 60 
11/04/2015, 60 , 60 , 60 , 60 , 60 , 60 , 60 , 60 , 60 , 60 , 60 , 60 , 60 , 60 , 60 
12/04/2015, 60 , 60 , 60 , 60 , 60 , 60 , 60 , 60 , 60 , 60 , 60 , 60 , 60 , 60 , 60 
13/04/2015, 60 , 60 , 60 , 60 , 60 , 60 , 60 , 60 , 60 , 60 , 60 , 60 , 60 , 60 , 60 
14/04/2015, 60 , 60 , 60 , 60 , 60 , 60 , 60 , 60 , 60 , 60 , 60 , 60 , 60 , 60 , 60 
15/04/2015, 60 , 60 , 60 , 60 , 60 , 60 , 60 , 60 , 60 , 60 , 60 , 60 , 60 , 60 , 60 
16/04/2015, 60 , 60 , 60 , 60 , 60 , 60 , 60 , 60 , 60 , 60 , 60 , 60 , 60 , 60 , 60 
17/04/2015, 60 , 60 , 60 , 60 , 60 , 60 , 60 , 60 , 60 , 60 , 60 , 60 , 60 , 60 , 60 
18/04/2015, 60 , 60 , 60 , 60 , 60 , 60 , 60 , 60 , 60 , 60 , 60 , 60 , 60 , 60 , 60 
19/04/2015, 60 , 60 , 60 , 60 , 60 , 60 , 60 , 60 , 60 , 60 , 60 , 60 , 60 , 60 , 60 
20/04/2015, 60 , 60 , 60 , 60 , 60 , 60 , 60 , 60 , 60 , 60 , 60 , 60 , 60 , 60 , 60 
21/04/2015, 60 , 60 , 60 , 60 , 60 , 60 , 60 , 60 , 60 , 60 , 60 , 60 , 60 , 60 , 60 
22/04/2015, 60 , 60 , 60 , 60 , 60 , 60 , 60 , 60 , 60 , 60 , 60 , 60 , 60 , 60 , 60 
23/04/2015, 60 , 60 , 60 , 60 , 60 , 60 , 60 , 60 , 60 , 60 , 60 , 60 , 60 , 60 , 60 
24/04/2015, 60 , 60 , 60 , 60 , 60 , 60 , 60 , 60 , 60 , 60 , 60 , 60 , 60 , 60 , 60 
25/04/2015, 60 , 60 , 60 , 60 , 60 , 60 , 60 , 60 , 60 , 60 , 60 , 60 , 60 , 60 , 60 
26/04/2015, 60 , 60 , 60 , 60 , 60 , 60 , 60 , 60 , 60 , 60 , 60 , 60 , 60 , 60 , 60 
27/04/2015, 60 , 60 , 60 , 60 , 60 , 60 , 60 , 60 , 60 , 60 , 60 , 60 , 60 , 60 , 60 
28/04/2015, 60 , 60 , 60 , 60 , 60 , 60 , 60 , 60 , 60 , 60 , 60 , 60 , 60 , 60 , 60 
29/04/2015, 60 , 60 , 60 , 60 , 60 , 60 , 60 , 60 , 60 , 60 , 60 , 60 , 60 , 60 , 60 
30/04/2015, 60 , 60 , 60 , 60 , 60 , 60 , 60 , 60 , 60 , 60 , 60 , 60 , 60 , 60 , 60 
1/05/2015, 60 , 60 , 60 , 60 , 60 , 60 , 60 , 60 , 60 , 60 , 60 , 60 , 60 , 60 , 60 
2/05/2015, 60 , 60 , 60 , 60 , 60 , 60 , 60 , 60 , 60 , 60 , 60 , 60 , 60 , 60 , 60 
3/05/2015, 60 , 60 , 60 , 60 , 60 , 60 , 60 , 60 , 60 , 60 , 60 , 60 , 60 , 60 , 60 
4/05/2015, 60 , 60 , 60 , 60 , 60 , 60 , 60 , 60 , 60 , 60 , 60 , 60 , 60 , 60 , 60 
5/05/2015, 60 , 60 , 60 , 60 , 60 , 60 , 60 , 60 , 60 , 60 , 60 , 60 , 60 , 60 , 60 
6/05/2015, 60 , 60 , 60 , 60 , 60 , 60 , 60 , 60 , 60 , 60 , 60 , 60 , 60 , 60 , 60 
7/05/2015, 60 , 60 , 60 , 60 , 60 , 60 , 60 , 60 , 60 , 60 , 60 , 60 , 60 , 60 , 60 
8/05/2015, 60 , 60 , 60 , 60 , 60 , 60 , 60 , 60 , 60 , 60 , 60 , 60 , 60 , 60 , 60 
9/05/2015, 60 , 60 , 60 , 60 , 60 , 60 , 60 , 60 , 60 , 60 , 60 , 60 , 60 , 60 , 60 
10/05/2015, 60 , 60 , 60 , 60 , 60 , 60 , 60 , 60 , 60 , 60 , 60 , 60 , 60 , 60 , 60 
11/05/2015, 60 , 60 , 60 , 60 , 60 , 60 , 60 , 60 , 60 , 60 , 60 , 60 , 60 , 60 , 60 
12/05/2015, 60 , 60 , 60 , 60 , 60 , 60 , 60 , 60 , 60 , 60 , 60 , 60 , 60 , 60 , 60 
13/05/2015, 60 , 60 , 60 , 60 , 60 , 60 , 60 , 60 , 60 , 60 , 60 , 60 , 60 , 60 , 60 
14/05/2015, 60 , 60 , 60 , 60 , 60 , 60 , 60 , 60 , 60 , 60 , 60 , 60 , 60 , 60 , 60 
15/05/2015, 60 , 60 , 60 , 60 , 60 , 60 , 60 , 60 , 60 , 60 , 60 , 60 , 60 , 60 , 60 
16/05/2015, 60 , 60 , 60 , 60 , 60 , 60 , 60 , 60 , 60 , 60 , 60 , 60 , 60 , 60 , 60 
17/05/2015, 60 , 60 , 60 , 60 , 60 , 60 , 60 , 60 , 60 , 60 , 60 , 60 , 60 , 60 , 60 
18/05/2015, 60 , 60 , 60 , 60 , 60 , 60 , 60 , 60 , 60 , 60 , 60 , 60 , 60 , 60 , 60 
19/05/2015, 60 , 60 , 60 , 60 , 60 , 60 , 60 , 60 , 60 , 60 , 60 , 60 , 60 , 60 , 60 
20/05/2015, 60 , 60 , 60 , 60 , 60 , 60 , 60 , 60 , 60 , 60 , 60 , 60 , 60 , 60 , 60 
21/05/2015, 60 , 60 , 60 , 60 , 60 , 60 , 60 , 60 , 60 , 60 , 60 , 60 , 60 , 60 , 60 
22/05/2015, 60 , 60 , 60 , 60 , 60 , 60 , 60 , 60 , 60 , 60 , 60 , 60 , 60 , 60 , 60 
23/05/2015, 60 , 60 , 60 , 60 , 60 , 60 , 60 , 60 , 60 , 60 , 60 , 60 , 60 , 60 , 60 
24/05/2015, 60 , 60 , 60 , 60 , 60 , 60 , 60 , 60 , 60 , 60 , 60 , 60 , 60 , 60 , 60 
25/05/2015, 60 , 60 , 60 , 60 , 60 , 60 , 60 , 60 , 60 , 60 , 60 , 60 , 60 , 60 , 60 
26/05/2015, 60 , 60 , 60 , 60 , 60 , 60 , 60 , 60 , 60 , 60 , 60 , 60 , 60 , 60 , 60 
27/05/2015, 60 , 60 , 60 , 60 , 60 , 60 , 60 , 60 , 60 , 60 , 60 , 60 , 60 , 60 , 60 
28/05/2015, 60 , 60 , 60 , 60 , 60 , 60 , 60 , 60 , 60 , 60 , 60 , 60 , 60 , 60 , 60 
29/05/2015, 60 , 60 , 60 , 60 , 60 , 60 , 60 , 60 , 60 , 60 , 60 , 60 , 60 , 60 , 60 
30/05/2015, 60 , 60 , 60 , 60 , 60 , 60 , 60 , 60 , 60 , 60 , 60 , 60 , 60 , 60 , 60 
31/05/2015, 60 , 60 , 60 , 60 , 60 , 60 , 60 , 60 , 60 , 60 , 60 , 60 , 60 , 60 , 60 
1/06/2015, 60 , 60 , 60 , 60 , 60 , 60 , 60 , 60 , 60 , 60 , 60 , 60 , 60 , 60 , 60 
2/06/2015, 60 , 60 , 60 , 60 , 60 , 60 , 60 , 60 , 60 , 60 , 60 , 60 , 60 , 60 , 60 
3/06/2015, 60 , 60 , 60 , 60 , 60 , 60 , 60 , 60 , 60 , 60 , 60 , 60 , 60 , 60 , 60 
4/06/2015, 60 , 60 , 60 , 60 , 60 , 60 , 60 , 60 , 60 , 60 , 60 , 60 , 60 , 60 , 60 
5/06/2015, 60 , 60 , 60 , 60 , 60 , 60 , 60 , 60 , 60 , 60 , 60 , 60 , 60 , 60 , 60 
6/06/2015, 60 , 60 , 60 , 60 , 60 , 60 , 60 , 60 , 60 , 60 , 60 , 60 , 60 , 60 , 60 
7/06/2015, 60 , 60 , 60 , 60 , 60 , 60 , 60 , 60 , 60 , 60 , 60 , 60 , 60 , 60 , 60 
8/06/2015, 60 , 60 , 60 , 60 , 60 , 60 , 60 , 60 , 60 , 60 , 60 , 60 , 60 , 60 , 60 
9/06/2015, 60 , 60 , 60 , 60 , 60 , 60 , 60 , 60 , 60 , 60 , 60 , 60 , 60 , 60 , 60 
10/06/2015, 60 , 60 , 60 , 60 , 60 , 60 , 60 , 60 , 60 , 60 , 60 , 60 , 60 , 60 , 60 
11/06/2015, 60 , 60 , 60 , 60 , 60 , 60 , 60 , 60 , 60 , 60 , 60 , 60 , 60 , 60 , 60 
12/06/2015, 60 , 60 , 60 , 60 , 60 , 60 , 60 , 60 , 60 , 60 , 60 , 60 , 60 , 60 , 60 
13/06/2015, 60 , 60 , 60 , 60 , 60 , 60 , 60 , 60 , 60 , 60 , 60 , 60 , 60 , 60 , 60 
14/06/2015, 60 , 60 , 60 , 60 , 60 , 60 , 60 , 60 , 60 , 60 , 60 , 60 , 60 , 60 , 60 
15/06/2015, 60 , 60 , 60 , 60 , 60 , 60 , 60 , 60 , 60 , 60 , 60 , 60 , 60 , 60 , 60 
16/06/2015, 60 , 60 , 60 , 60 , 60 , 60 , 60 , 60 , 60 , 60 , 60 , 60 , 60 , 60 , 60 
17/06/2015, 60 , 60 , 60 , 60 , 60 , 60 , 60 , 60 , 60 , 60 , 60 , 60 , 60 , 60 , 60 
18/06/2015, 60 , 60 , 60 , 60 , 60 , 60 , 60 , 60 , 60 , 60 , 60 , 60 , 60 , 60 , 60 
19/06/2015, 60 , 60 , 60 , 60 , 60 , 60 , 60 , 60 , 60 , 60 , 60 , 60 , 60 , 60 , 60 
20/06/2015, 60 , 60 , 60 , 60 , 60 , 60 , 60 , 60 , 60 , 60 , 60 , 60 , 60 , 60 , 60 
21/06/2015, 60 , 60 , 60 , 60 , 60 , 60 , 60 , 60 , 60 , 60 , 60 , 60 , 60 , 60 , 60 
22/06/2015, 60 , 60 , 60 , 60 , 60 , 60 , 60 , 60 , 60 , 60 , 60 , 60 , 60 , 60 , 60 
23/06/2015, 60 , 60 , 60 , 60 , 60 , 60 , 60 , 60 , 60 , 60 , 60 , 60 , 60 , 60 , 60 
24/06/2015, 60 , 60 , 60 , 60 , 60 , 60 , 60 , 60 , 60 , 60 , 60 , 60 , 60 , 60 , 60 
25/06/2015, 60 , 60 , 60 , 60 , 60 , 60 , 60 , 60 , 60 , 60 , 60 , 60 , 60 , 60 , 60 
26/06/2015, 60 , 60 , 60 , 60 , 60 , 60 , 60 , 60 , 60 , 60 , 60 , 60 , 60 , 60 , 60 
27/06/2015, 60 , 60 , 60 , 60 , 60 , 60 , 60 , 60 , 60 , 60 , 60 , 60 , 60 , 60 , 60 
28/06/2015, 60 , 60 , 60 , 60 , 60 , 60 , 60 , 60 , 60 , 60 , 60 , 60 , 60 , 60 , 60 
29/06/2015, 60 , 60 , 60 , 60 , 60 , 60 , 60 , 60 , 60 , 60 , 60 , 60 , 60 , 60 , 60 
30/06/2015, 60 , 60 , 60 , 60 , 60 , 60 , 60 , 60 , 60 , 60 , 60 , 60 , 60 , 60 , 60 
1/07/2015, 60 , 60 , 60 , 60 , 60 , 60 , 60 , 60 , 60 , 60 , 60 , 60 , 60 , 60 , 60 
2/07/2015, 60 , 60 , 60 , 60 , 60 , 60 , 60 , 60 , 60 , 60 , 60 , 60 , 60 , 60 , 60 
3/07/2015, 60 , 60 , 60 , 60 , 60 , 60 , 60 , 60 , 60 , 60 , 60 , 60 , 60 , 60 , 60 
4/07/2015, 60 , 60 , 60 , 60 , 60 , 60 , 60 , 60 , 60 , 60 , 60 , 60 , 60 , 60 , 60 
5/07/2015, 60 , 60 , 60 , 60 , 60 , 60 , 60 , 60 , 60 , 60 , 60 , 60 , 60 , 60 , 60 
6/07/2015, 60 , 60 , 60 , 60 , 60 , 60 , 60 , 60 , 60 , 60 , 60 , 60 , 60 , 60 , 60 
7/07/2015, 60 , 60 , 60 , 60 , 60 , 60 , 60 , 60 , 60 , 60 , 60 , 60 , 60 , 60 , 60 
8/07/2015, 60 , 60 , 60 , 60 , 60 , 60 , 60 , 60 , 60 , 60 , 60 , 60 , 60 , 60 , 60 
9/07/2015, 60 , 60 , 60 , 60 , 60 , 60 , 60 , 60 , 60 , 60 , 60 , 60 , 60 , 60 , 60 
10/07/2015, 60 , 60 , 60 , 60 , 60 , 60 , 60 , 60 , 60 , 60 , 60 , 60 , 60 , 60 , 60 
11/07/2015, 60 , 60 , 60 , 60 , 60 , 60 , 60 , 60 , 60 , 60 , 60 , 60 , 60 , 60 , 60 
12/07/2015, 60 , 60 , 60 , 60 , 60 , 60 , 60 , 60 , 60 , 60 , 60 , 60 , 60 , 60 , 60 
13/07/2015, 60 , 60 , 60 , 60 , 60 , 60 , 60 , 60 , 60 , 60 , 60 , 60 , 60 , 60 , 60 
14/07/2015, 60 , 60 , 60 , 60 , 60 , 60 , 60 , 60 , 60 , 60 , 60 , 60 , 60 , 60 , 60 
15/07/2015, 60 , 60 , 60 , 60 , 60 , 60 , 60 , 60 , 60 , 60 , 60 , 60 , 60 , 60 , 60 
16/07/2015, 60 , 60 , 60 , 60 , 60 , 60 , 60 , 60 , 60 , 60 , 60 , 60 , 60 , 60 , 60 
17/07/2015, 60 , 60 , 60 , 60 , 60 , 60 , 60 , 60 , 60 , 60 , 60 , 60 , 60 , 60 , 60 
18/07/2015, 60 , 60 , 60 , 60 , 60 , 60 , 60 , 60 , 60 , 60 , 60 , 60 , 60 , 60 , 60 
19/07/2015, 60 , 60 , 60 , 60 , 60 , 60 , 60 , 60 , 60 , 60 , 60 , 60 , 60 , 60 , 60 
20/07/2015, 60 , 60 , 60 , 60 , 60 , 60 , 60 , 60 , 60 , 60 , 60 , 60 , 60 , 60 , 60 
21/07/2015, 60 , 60 , 60 , 60 , 60 , 60 , 60 , 60 , 60 , 60 , 60 , 60 , 60 , 60 , 60 
22/07/2015, 60 , 60 , 60 , 60 , 60 , 60 , 60 , 60 , 60 , 60 , 60 , 60 , 60 , 60 , 60 
23/07/2015, 60 , 60 , 60 , 60 , 60 , 60 , 60 , 60 , 60 , 60 , 60 , 60 , 60 , 60 , 60 
24/07/2015, 60 , 60 , 60 , 60 , 60 , 60 , 60 , 60 , 60 , 60 , 60 , 60 , 60 , 60 , 60 
25/07/2015, 60 , 60 , 60 , 60 , 60 , 60 , 60 , 60 , 60 , 60 , 60 , 60 , 60 , 60 , 60 
26/07/2015, 60 , 60 , 60 , 60 , 60 , 60 , 60 , 60 , 60 , 60 , 60 , 60 , 60 , 60 , 60 
27/07/2015, 60 , 60 , 60 , 60 , 60 , 60 , 60 , 60 , 60 , 60 , 60 , 60 , 60 , 60 , 60 
28/07/2015, 60 , 60 , 60 , 60 , 60 , 60 , 60 , 60 , 60 , 60 , 60 , 60 , 60 , 60 , 60 
29/07/2015, 60 , 60 , 60 , 60 , 60 , 60 , 60 , 60 , 60 , 60 , 60 , 60 , 60 , 60 , 60 
30/07/2015, 60 , 60 , 60 , 60 , 60 , 60 , 60 , 60 , 60 , 60 , 60 , 60 , 60 , 60 , 60 
31/07/2015, 60 , 60 , 60 , 60 , 60 , 60 , 60 , 60 , 60 , 60 , 60 , 60 , 60 , 60 , 60 
1/08/2015, 60 , 60 , 60 , 60 , 60 , 60 , 60 , 60 , 60 , 60 , 60 , 60 , 60 , 60 , 60 
2/08/2015, 60 , 60 , 60 , 60 , 60 , 60 , 60 , 60 , 60 , 60 , 60 , 60 , 60 , 60 , 60 
3/08/2015, 60 , 60 , 60 , 60 , 60 , 60 , 60 , 60 , 60 , 60 , 60 , 60 , 60 , 60 , 60 
4/08/2015, 60 , 60 , 60 , 60 , 60 , 60 , 60 , 60 , 60 , 60 , 60 , 60 , 60 , 60 , 60 
5/08/2015, 60 , 60 , 60 , 60 , 60 , 60 , 60 , 60 , 60 , 60 , 60 , 60 , 60 , 60 , 60 
6/08/2015, 60 , 60 , 60 , 60 , 60 , 60 , 60 , 60 , 60 , 60 , 60 , 60 , 60 , 60 , 60 
7/08/2015, 60 , 60 , 60 , 60 , 60 , 60 , 60 , 60 , 60 , 60 , 60 , 60 , 60 , 60 , 60 
8/08/2015, 60 , 60 , 60 , 60 , 60 , 60 , 60 , 60 , 60 , 60 , 60 , 60 , 60 , 60 , 60 
9/08/2015, 60 , 60 , 60 , 60 , 60 , 60 , 60 , 60 , 60 , 60 , 60 , 60 , 60 , 60 , 60 
10/08/2015, 60 , 60 , 60 , 60 , 60 , 60 , 60 , 60 , 60 , 60 , 60 , 60 , 60 , 60 , 60 
11/08/2015, 60 , 60 , 60 , 60 , 60 , 60 , 60 , 60 , 60 , 60 , 60 , 60 , 60 , 60 , 60 
12/08/2015, 60 , 60 , 60 , 60 , 60 , 60 , 60 , 60 , 60 , 60 , 60 , 60 , 60 , 60 , 60 
13/08/2015, 60 , 60 , 60 , 60 , 60 , 60 , 60 , 60 , 60 , 60 , 60 , 60 , 60 , 60 , 60 
14/08/2015, 60 , 60 , 60 , 60 , 60 , 60 , 60 , 60 , 60 , 60 , 60 , 60 , 60 , 60 , 60 
15/08/2015, 60 , 60 , 60 , 60 , 60 , 60 , 60 , 60 , 60 , 60 , 60 , 60 , 60 , 60 , 60 
16/08/2015, 60 , 60 , 60 , 60 , 60 , 60 , 60 , 60 , 60 , 60 , 60 , 60 , 60 , 60 , 60 
17/08/2015, 60 , 60 , 60 , 60 , 60 , 60 , 60 , 60 , 60 , 60 , 60 , 60 , 60 , 60 , 60 
18/08/2015, 60 , 60 , 60 , 60 , 60 , 60 , 60 , 60 , 60 , 60 , 60 , 60 , 60 , 60 , 60 
19/08/2015, 60 , 60 , 60 , 60 , 60 , 60 , 60 , 60 , 60 , 60 , 60 , 60 , 60 , 60 , 60 
20/08/2015, 60 , 60 , 60 , 60 , 60 , 60 , 60 , 60 , 60 , 60 , 60 , 60 , 60 , 60 , 60 
21/08/2015, 60 , 60 , 60 , 60 , 60 , 60 , 60 , 60 , 60 , 60 , 60 , 60 , 60 , 60 , 60 
22/08/2015, 60 , 60 , 60 , 60 , 60 , 60 , 60 , 60 , 60 , 60 , 60 , 60 , 60 , 60 , 60 
23/08/2015, 60 , 60 , 60 , 60 , 60 , 60 , 60 , 60 , 60 , 60 , 60 , 60 , 60 , 60 , 60 
24/08/2015, 60 , 60 , 60 , 60 , 60 , 60 , 60 , 60 , 60 , 60 , 60 , 60 , 60 , 60 , 60 
25/08/2015, 60 , 60 , 60 , 60 , 60 , 60 , 60 , 60 , 60 , 60 , 60 , 60 , 60 , 60 , 60 
26/08/2015, 60 , 60 , 60 , 60 , 60 , 60 , 60 , 60 , 60 , 60 , 60 , 60 , 60 , 60 , 60 
27/08/2015, 60 , 60 , 60 , 60 , 60 , 60 , 60 , 60 , 60 , 60 , 60 , 60 , 60 , 60 , 60 
28/08/2015, 60 , 60 , 60 , 60 , 60 , 60 , 60 , 60 , 60 , 60 , 60 , 60 , 60 , 60 , 60 
29/08/2015, 60 , 60 , 60 , 60 , 60 , 60 , 60 , 60 , 60 , 60 , 60 , 60 , 60 , 60 , 60 
30/08/2015, 60 , 60 , 60 , 60 , 60 , 60 , 60 , 60 , 60 , 60 , 60 , 60 , 60 , 60 , 60 
31/08/2015, 60 , 60 , 60 , 60 , 60 , 60 , 60 , 60 , 60 , 60 , 60 , 60 , 60 , 60 , 60 
1/09/2015, 60 , 60 , 60 , 60 , 60 , 60 , 60 , 60 , 60 , 60 , 60 , 60 , 60 , 60 , 60 
2/09/2015, 60 , 60 , 60 , 60 , 60 , 60 , 60 , 60 , 60 , 60 , 60 , 60 , 60 , 60 , 60 
3/09/2015, 60 , 60 , 60 , 60 , 60 , 60 , 60 , 60 , 60 , 60 , 60 , 60 , 60 , 60 , 60 
4/09/2015, 60 , 60 , 60 , 60 , 60 , 60 , 60 , 60 , 60 , 60 , 60 , 60 , 60 , 60 , 60 
5/09/2015, 60 , 60 , 60 , 60 , 60 , 60 , 60 , 60 , 60 , 60 , 60 , 60 , 60 , 60 , 60 
6/09/2015, 60 , 60 , 60 , 60 , 60 , 60 , 60 , 60 , 60 , 60 , 60 , 60 , 60 , 60 , 60 
7/09/2015, 60 , 60 , 60 , 60 , 60 , 60 , 60 , 60 , 60 , 60 , 60 , 60 , 60 , 60 , 60 
8/09/2015, 60 , 60 , 60 , 60 , 60 , 60 , 60 , 60 , 60 , 60 , 60 , 60 , 60 , 60 , 60 
9/09/2015, 60 , 60 , 60 , 60 , 60 , 60 , 60 , 60 , 60 , 60 , 60 , 60 , 60 , 60 , 60 
10/09/2015, 60 , 60 , 60 , 60 , 60 , 60 , 60 , 60 , 60 , 60 , 60 , 60 , 60 , 60 , 60 
11/09/2015, 60 , 60 , 60 , 60 , 60 , 60 , 60 , 60 , 60 , 60 , 60 , 60 , 60 , 60 , 60 
12/09/2015, 60 , 60 , 60 , 60 , 60 , 60 , 60 , 60 , 60 , 60 , 60 , 60 , 60 , 60 , 60 
13/09/2015, 60 , 60 , 60 , 60 , 60 , 60 , 60 , 60 , 60 , 60 , 60 , 60 , 60 , 60 , 60 
14/09/2015, 60 , 60 , 60 , 60 , 60 , 60 , 60 , 60 , 60 , 60 , 60 , 60 , 60 , 60 , 60 
15/09/2015, 60 , 60 , 60 , 60 , 60 , 60 , 60 , 60 , 60 , 60 , 60 , 60 , 60 , 60 , 60 
16/09/2015, 60 , 60 , 60 , 60 , 60 , 60 , 60 , 60 , 60 , 60 , 60 , 60 , 60 , 60 , 60 
17/09/2015, 60 , 60 , 60 , 60 , 60 , 60 , 60 , 60 , 60 , 60 , 60 , 60 , 60 , 60 , 60 
18/09/2015, 60 , 60 , 60 , 60 , 60 , 60 , 60 , 60 , 60 , 60 , 60 , 60 , 60 , 60 , 60 
19/09/2015, 60 , 60 , 60 , 60 , 60 , 60 , 60 , 60 , 60 , 60 , 60 , 60 , 60 , 60 , 60 
20/09/2015, 60 , 60 , 60 , 60 , 60 , 60 , 60 , 60 , 60 , 60 , 60 , 60 , 60 , 60 , 60 
21/09/2015, 60 , 60 , 60 , 60 , 60 , 60 , 60 , 60 , 60 , 60 , 60 , 60 , 60 , 60 , 60 
22/09/2015, 60 , 60 , 60 , 60 , 60 , 60 , 60 , 60 , 60 , 60 , 60 , 60 , 60 , 60 , 60 
23/09/2015, 60 , 60 , 60 , 60 , 60 , 60 , 60 , 60 , 60 , 60 , 60 , 60 , 60 , 60 , 60 
26/09/2015, 60 , 60 , 60 , 60 , 60 , 60 , 60 , 60 , 60 , 60 , 60 , 60 , 60 , 60 , 60 
27/09/2015, 60 , 60 , 60 , 60 , 60 , 60 , 60 , 60 , 60 , 60 , 60 , 60 , 60 , 60 , 60 
28/09/2015, 60 , 60 , 60 , 60 , 60 , 60 , 60 , 60 , 60 , 60 , 60 , 60 , 60 , 60 , 60 
29/09/2015, 60 , 60 , 60 , 60 , 60 , 60 , 60 , 60 , 60 , 60 , 60 , 60 , 60 , 60 , 60 
30/09/2015, 60 , 60 , 60 , 60 , 60 , 60 , 60 , 60 , 60 , 60 , 60 , 60 , 60 , 60 , 60 
1/10/2015, 60 , 60 , 60 , 60 , 60 , 60 , 60 , 60 , 60 , 60 , 60 , 60 , 60 , 60 , 60 
2/10/2015, 60 , 60 , 60 , 60 , 60 , 60 , 60 , 60 , 60 , 60 , 60 , 60 , 60 , 60 , 60 
3/10/2015, 60 , 60 , 60 , 60 , 60 , 60 , 60 , 60 , 60 , 60 , 60 , 60 , 60 , 60 , 60 
4/10/2015, 60 , 60 , 60 , 60 , 60 , 60 , 60 , 60 , 60 , 60 , 60 , 60 , 60 , 60 , 60 
6/10/2015, 60 , 60 , 60 , 60 , 60 , 60 , 60 , 60 , 60 , 60 , 60 , 60 , 60 , 60 , 60 
7/10/2015, 60 , 60 , 60 , 60 , 60 , 60 , 60 , 60 , 60 , 60 , 60 , 60 , 60 , 60 , 60 
8/10/2015, 60 , 60 , 60 , 60 , 60 , 60 , 60 , 60 , 60 , 60 , 60 , 60 , 60 , 60 , 60 
9/10/2015, 60 , 60 , 60 , 60 , 60 , 60 , 60 , 60 , 60 , 60 , 60 , 60 , 60 , 60 , 60 
10/10/2015, 60 , 60 , 60 , 60 , 60 , 60 , 60 , 60 , 60 , 60 , 60 , 60 , 60 , 60 , 60 
11/10/2015, 60 , 60 , 60 , 60 , 60 , 60 , 60 , 60 , 60 , 60 , 60 , 60 , 60 , 60 , 60 
13/10/2015, 60 , 60 , 60 , 60 , 60 , 60 , 60 , 60 , 60 , 60 , 60 , 60 , 60 , 60 , 60 
14/10/2015, 60 , 60 , 60 , 60 , 60 , 60 , 60 , 60 , 60 , 60 , 60 , 60 , 60 , 60 , 60 
15/10/2015, 60 , 60 , 60 , 60 , 60 , 60 , 60 , 60 , 60 , 60 , 60 , 60 , 60 , 60 , 60 
16/10/2015, 60 , 60 , 60 , 60 , 60 , 60 , 60 , 60 , 60 , 60 , 60 , 60 , 60 , 60 , 60 
17/10/2015, 60 , 60 , 60 , 60 , 60 , 60 , 60 , 60 , 60 , 60 , 60 , 60 , 60 , 60 , 60 
18/10/2015, 60 , 60 , 60 , 60 , 60 , 60 , 60 , 60 , 60 , 60 , 60 , 60 , 60 , 60 , 60 
20/10/2015, 60 , 60 , 60 , 60 , 60 , 60 , 60 , 60 , 60 , 60 , 60 , 60 , 60 , 60 , 60 
21/10/2015, 60 , 60 , 60 , 60 , 60 , 60 , 60 , 60 , 60 , 60 , 60 , 60 , 60 , 60 , 60 
22/10/2015, 60 , 60 , 60 , 60 , 60 , 60 , 60 , 60 , 60 , 60 , 60 , 60 , 60 , 60 , 60 
23/10/2015, 60 , 60 , 60 , 60 , 60 , 60 , 60 , 60 , 60 , 60 , 60 , 60 , 60 , 60 , 60 
24/10/2015, 60 , 60 , 60 , 60 , 60 , 60 , 60 , 60 , 60 , 60 , 60 , 60 , 60 , 60 , 60 
25/10/2015, 60 , 60 , 60 , 60 , 60 , 60 , 60 , 60 , 60 , 60 , 60 , 60 , 60 , 60 , 60 
27/10/2015, 60 , 60 , 60 , 60 , 60 , 60 , 60 , 60 , 60 , 60 , 60 , 60 , 60 , 60 , 60 
28/10/2015, 60 , 60 , 60 , 60 , 60 , 60 , 60 , 60 , 60 , 60 , 60 , 60 , 60 , 60 , 60 
29/10/2015, 60 , 60 , 60 , 60 , 60 , 60 , 60 , 60 , 60 , 60 , 60 , 60 , 60 , 60 , 60 
30/10/2015, 60 , 60 , 60 , 60 , 60 , 60 , 60 , 60 , 60 , 60 , 60 , 60 , 60 , 60 , 60 
31/10/2015, 60 , 60 , 60 , 60 , 60 , 60 , 60 , 60 , 60 , 60 , 60 , 60 , 60 , 60 , 60 
1/11/2015, 60 , 60 , 60 , 60 , 60 , 60 , 60 , 60 , 60 , 60 , 60 , 60 , 60 , 60 , 60 
2/11/2015, 60 , 60 , 60 , 60 , 60 , 60 , 60 , 60 , 60 , 60 , 60 , 60 , 60 , 60 , 60 
3/11/2015, 60 , 60 , 60 , 60 , 60 , 60 , 60 , 60 , 60 , 60 , 60 , 60 , 60 , 60 , 60 
4/11/2015, 60 , 60 , 60 , 60 , 60 , 60 , 60 , 60 , 60 , 60 , 60 , 60 , 60 , 60 , 60 
5/11/2015, 60 , 60 , 60 , 60 , 60 , 60 , 60 , 60 , 60 , 60 , 60 , 60 , 60 , 60 , 60 
6/11/2015, 60 , 60 , 60 , 60 , 60 , 60 , 60 , 60 , 60 , 60 , 60 , 60 , 60 , 60 , 60 
7/11/2015, 60 , 60 , 60 , 60 , 60 , 60 , 60 , 60 , 60 , 60 , 60 , 60 , 60 , 60 , 60 
8/11/2015, 60 , 60 , 60 , 60 , 60 , 60 , 60 , 60 , 60 , 60 , 60 , 60 , 60 , 60 , 60 
9/11/2015, 60 , 60 , 60 , 60 , 60 , 60 , 60 , 60 , 60 , 60 , 60 , 60 , 60 , 60 , 60 
10/11/2015, 60 , 60 , 60 , 60 , 60 , 60 , 60 , 60 , 60 , 60 , 60 , 60 , 60 , 60 , 60 
11/11/2015, 60 , 60 , 60 , 60 , 60 , 60 , 60 , 60 , 60 , 60 , 60 , 60 , 60 , 60 , 60 
12/11/2015, 60 , 60 , 60 , 60 , 60 , 60 , 60 , 60 , 60 , 60 , 60 , 60 , 60 , 60 , 60 
13/11/2015, 60 , 60 , 60 , 60 , 60 , 60 , 60 , 60 , 60 , 60 , 60 , 60 , 60 , 60 , 60 
14/11/2015, 60 , 60 , 60 , 60 , 60 , 60 , 60 , 60 , 60 , 60 , 60 , 60 , 60 , 60 , 60 
15/11/2015, 60 , 60 , 60 , 60 , 60 , 60 , 60 , 60 , 60 , 60 , 60 , 60 , 60 , 60 , 60 
16/11/2015, 60 , 60 , 60 , 60 , 60 , 60 , 60 , 60 , 60 , 60 , 60 , 60 , 60 , 60 , 60 
17/11/2015, 60 , 60 , 60 , 60 , 60 , 60 , 60 , 60 , 60 , 60 , 60 , 60 , 60 , 60 , 60 
18/11/2015, 60 , 60 , 60 , 60 , 60 , 60 , 60 , 60 , 60 , 60 , 60 , 60 , 60 , 60 , 60 
19/11/2015, 60 , 60 , 60 , 60 , 60 , 60 , 60 , 60 , 60 , 60 , 60 , 60 , 60 , 60 , 60 
20/11/2015, 60 , 60 , 60 , 60 , 60 , 60 , 60 , 60 , 60 , 60 , 60 , 60 , 60 , 60 , 60 
21/11/2015, 60 , 60 , 60 , 60 , 60 , 60 , 60 , 60 , 60 , 60 , 60 , 60 , 60 , 60 , 60 
22/11/2015, 60 , 60 , 60 , 60 , 60 , 60 , 60 , 60 , 60 , 60 , 60 , 60 , 60 , 60 , 60 
23/11/2015, 60 , 60 , 60 , 60 , 60 , 60 , 60 , 60 , 60 , 60 , 60 , 60 , 60 , 60 , 60 
24/11/2015, 60 , 60 , 60 , 60 , 60 , 60 , 60 , 60 , 60 , 60 , 60 , 60 , 60 , 60 , 60 
25/11/2015, 60 , 60 , 60 , 60 , 60 , 60 , 60 , 60 , 60 , 60 , 60 , 60 , 60 , 60 , 60 
26/11/2015, 60 , 60 , 60 , 60 , 60 , 60 , 60 , 60 , 60 , 60 , 60 , 60 , 60 , 60 , 60 
27/11/2015, 60 , 60 , 60 , 60 , 60 , 60 , 60 , 60 , 60 , 60 , 60 , 60 , 60 , 60 , 60 
28/11/2015, 60 , 60 , 60 , 60 , 60 , 60 , 60 , 60 , 60 , 60 , 60 , 60 , 60 , 60 , 60 
29/11/2015, 60 , 60 , 60 , 60 , 60 , 60 , 60 , 60 , 60 , 60 , 60 , 60 , 60 , 60 , 60 
30/11/2015, 60 , 60 , 60 , 60 , 60 , 60 , 60 , 60 , 60 , 60 , 60 , 60 , 60 , 60 , 60 
1/12/2015, 60 , 60 , 60 , 60 , 60 , 60 , 60 , 60 , 60 , 60 , 60 , 60 , 60 , 60 , 60 
2/12/2015, 60 , 60 , 60 , 60 , 60 , 60 , 60 , 60 , 60 , 60 , 60 , 60 , 60 , 60 , 60 
3/12/2015, 60 , 60 , 60 , 60 , 60 , 60 , 60 , 60 , 60 , 60 , 60 , 60 , 60 , 60 , 60 
4/12/2015, 60 , 60 , 60 , 60 , 60 , 60 , 60 , 60 , 60 , 60 , 60 , 60 , 60 , 60 , 60 
5/12/2015, 60 , 60 , 60 , 60 , 60 , 60 , 60 , 60 , 60 , 60 , 60 , 60 , 60 , 60 , 60 
6/12/2015, 60 , 60 , 60 , 60 , 60 , 60 , 60 , 60 , 60 , 60 , 60 , 60 , 60 , 60 , 60 
7/12/2015, 60 , 60 , 60 , 60 , 60 , 60 , 60 , 60 , 60 , 60 , 60 , 60 , 60 , 60 , 60 
8/12/2015, 60 , 60 , 60 , 60 , 60 , 60 , 60 , 60 , 60 , 60 , 60 , 60 , 60 , 60 , 60 
9/12/2015, 60 , 60 , 60 , 60 , 60 , 60 , 60 , 60 , 60 , 60 , 60 , 60 , 60 , 60 , 60 
10/12/2015, 60 , 60 , 60 , 60 , 60 , 60 , 60 , 60 , 60 , 60 , 60 , 60 , 60 , 60 , 60 
11/12/2015, 60 , 60 , 60 , 60 , 60 , 60 , 60 , 60 , 60 , 60 , 60 , 60 , 60 , 60 , 60 
12/12/2015, 60 , 60 , 60 , 60 , 60 , 60 , 60 , 60 , 60 , 60 , 60 , 60 , 60 , 60 , 60 
13/12/2015, 60 , 60 , 60 , 60 , 60 , 60 , 60 , 60 , 60 , 60 , 60 , 60 , 60 , 60 , 60 
14/12/2015, 60 , 60 , 60 , 60 , 60 , 60 , 60 , 60 , 60 , 60 , 60 , 60 , 60 , 60 , 60 
15/12/2015, 60 , 60 , 60 , 60 , 60 , 60 , 60 , 60 , 60 , 60 , 60 , 60 , 60 , 60 , 60 
16/12/2015, 60 , 60 , 60 , 60 , 60 , 60 , 60 , 60 , 60 , 60 , 60 , 60 , 60 , 60 , 60 
17/12/2015, 60 , 60 , 60 , 60 , 60 , 60 , 60 , 60 , 60 , 60 , 60 , 60 , 60 , 60 , 60 
18/12/2015, 60 , 60 , 60 , 60 , 60 , 60 , 60 , 60 , 60 , 60 , 60 , 60 , 60 , 60 , 60 
19/12/2015, 60 , 60 , 60 , 60 , 60 , 60 , 60 , 60 , 60 , 60 , 60 , 60 , 60 , 60 , 60 
20/12/2015, 60 , 60 , 60 , 60 , 60 , 60 , 60 , 60 , 60 , 60 , 60 , 60 , 60 , 60 , 60 
21/12/2015, 60 , 60 , 60 , 60 , 60 , 60 , 60 , 60 , 60 , 60 , 60 , 60 , 60 , 60 , 60 
22/12/2015, 60 , 60 , 60 , 60 , 60 , 60 , 60 , 60 , 60 , 60 , 60 , 60 , 60 , 60 , 60 
23/12/2015, 60 , 60 , 60 , 60 , 60 , 60 , 60 , 60 , 60 , 60 , 60 , 60 , 60 , 60 , 60 
24/12/2015, 60 , 60 , 60 , 60 , 60 , 60 , 60 , 60 , 60 , 60 , 60 , 60 , 60 , 60 , 60 
26/12/2015, 60 , 60 , 60 , 60 , 60 , 60 , 60 , 60 , 60 , 60 , 60 , 60 , 60 , 60 , 60 
27/12/2015, 60 , 60 , 60 , 60 , 60 , 60 , 60 , 60 , 60 , 60 , 60 , 60 , 60 , 60 , 60 
28/12/2015, 60 , 60 , 60 , 60 , 60 , 60 , 60 , 60 , 60 , 60 , 60 , 60 , 60 , 60 , 60 
29/12/2015, 60 , 60 , 60 , 60 , 60 , 60 , 60 , 60 , 60 , 60 , 60 , 60 , 60 , 60 , 60 
30/12/2015, 60 , 60 , 60 , 60 , 60 , 60 , 60 , 60 , 60 , 60 , 60 , 60 , 60 , 60 , 60 
31/12/2015, 60 , 60 , 60 , 60 , 60 , 60 , 60 , 60 , 60 , 60 , 60 , 60 , 60 , 60 , 60 
